{
  "name": "KIDOKOOL - Professional Learning Platform",
  "short_name": "KIDOKOOL",
  "description": "Advanced learning management system with video conferencing, collaborative whiteboard, and analytics",
  "start_url": "/dashboard",
  "display": "standalone",
  "background_color": "#ffffff",
  "theme_color": "#2563eb",
  "orientation": "portrait-primary",
  "scope": "/",
  "lang": "en",
  "dir": "ltr",
  "categories": ["education", "productivity", "business"],
  "screenshots": [
    {
      "src": "/screenshots/dashboard-mobile.png",
      "sizes": "390x844",
      "type": "image/png",
      "form_factor": "narrow",
      "label": "Dashboard view on mobile"
    },
    {
      "src": "/screenshots/courses-mobile.png", 
      "sizes": "390x844",
      "type": "image/png",
      "form_factor": "narrow",
      "label": "Course catalog on mobile"
    },
    {
      "src": "/screenshots/dashboard-desktop.png",
      "sizes": "1920x1080", 
      "type": "image/png",
      "form_factor": "wide",
      "label": "Dashboard on desktop"
    }
  ],
  "icons": [
    {
      "src": "/icon-72x72.png",
      "sizes": "72x72",
      "type": "image/png",
      "purpose": "maskable any"
    },
    {
      "src": "/icon-96x96.png",
      "sizes": "96x96", 
      "type": "image/png",
      "purpose": "maskable any"
    },
    {
      "src": "/icon-128x128.png",
      "sizes": "128x128",
      "type": "image/png", 
      "purpose": "maskable any"
    },
    {
      "src": "/icon-144x144.png",
      "sizes": "144x144",
      "type": "image/png",
      "purpose": "maskable any"
    },
    {
      "src": "/icon-152x152.png", 
      "sizes": "152x152",
      "type": "image/png",
      "purpose": "maskable any"
    },
    {
      "src": "/icon-192x192.png",
      "sizes": "192x192", 
      "type": "image/png",
      "purpose": "maskable any"
    },
    {
      "src": "/icon-384x384.png",
      "sizes": "384x384",
      "type": "image/png",
      "purpose": "maskable any"
    },
    {
      "src": "/icon-512x512.png",
      "sizes": "512x512",
      "type": "image/png", 
      "purpose": "maskable any"
    }
  ],
  "shortcuts": [
    {
      "name": "My Courses",
      "short_name": "Courses", 
      "description": "View enrolled courses",
      "url": "/dashboard/courses",
      "icons": [
        {
          "src": "/icon-96x96.png",
          "sizes": "96x96"
        }
      ]
    },
    {
      "name": "Join Video Room",
      "short_name": "Video",
      "description": "Join live video session", 
      "url": "/dashboard/video-rooms",
      "icons": [
        {
          "src": "/icon-96x96.png", 
          "sizes": "96x96"
        }
      ]
    },
    {
      "name": "Messages",
      "short_name": "Chat",
      "description": "View messages and discussions",
      "url": "/dashboard/messages", 
      "icons": [
        {
          "src": "/icon-96x96.png",
          "sizes": "96x96"
        }
      ]
    },
    {
      "name": "Browse Courses",
      "short_name": "Explore",
      "description": "Discover new courses",
      "url": "/marketplace",
      "icons": [
        {
          "src": "/icon-96x96.png",
          "sizes": "96x96" 
        }
      ]
    }
  ],
  "share_target": {
    "action": "/dashboard/share",
    "method": "POST",
    "params": {
      "title": "title",
      "text": "text", 
      "url": "url"
    }
  },
  "protocol_handlers": [
    {
      "protocol": "web+kidokool",
      "url": "/handle-protocol?protocol=%s"
    }
  ],
  "prefer_related_applications": false,
  "edge_side_panel": {
    "preferred_width": 400
  },
  "launch_handler": {
    "client_mode": ["navigate-existing", "auto"]
  }
}